{
    "$schema": "https://schema.management.azure.com/schemas/2015-01-01/deploymentParameters.json#",
    "contentVersion": "1.0.0.0",
    "parameters": {
        "subscriptionId": {
            "value": "aa83ded7-9034-4d38-9ddf-f32384b330df"
        },
        "name": {
            "value": "testing12345555"
        },
        "location": {
            "value": "West Europe"
        },
        "hostingPlanName": {
            "value": "ASP-testingResourcegroup-84fd"
        },
        "serverFarmResourceGroup": {
            "value": "testingResourcegroup"
        },
        "alwaysOn": {
            "value": false
        },
        "storageAccountName": {
            "value": "testingstorageaabbcc123"
        },
        "sku": {
            "value": "Dynamic"
        },
        "skuCode": {
            "value": "Y1"
        },
        "workerSize": {
            "value": "0"
        },
        "workerSizeId": {
            "value": "0"
        },
        "numberOfWorkers": {
            "value": "1"
        },
        "use32BitWorkerProcess": {
            "value": true
        }
    }
}