{
    "$schema": "https://schema.management.azure.com/schemas/2015-01-01/deploymentParameters.json#",
    "contentVersion": "1.0.0.0",
    "parameters": {
        "subscriptionId": {
            "value": "aa83ded7-9034-4d38-9ddf-f32384b330df"
        },
        "name": {
            "value": "tree-adoption-cms"
        },
        "location": {
            "value": "West Europe"
        },
        "hostingPlanName": {
            "value": "ASP-treeadoptioncms-8970"
        },
        "serverFarmResourceGroup": {
            "value": "tree-adoption-cms"
        },
        "alwaysOn": {
            "value": false
        },
        "sku": {
            "value": "Free"
        },
        "skuCode": {
            "value": "F1"
        },
        "workerSize": {
            "value": "0"
        },
        "workerSizeId": {
            "value": "0"
        },
        "numberOfWorkers": {
            "value": "1"
        },
        "currentStack": {
            "value": "node"
        },
        "phpVersion": {
            "value": "OFF"
        },
        "nodeVersion": {
            "value": "12.13.0"
        }
    }
}